path	bytes	sha256
outputs\audit_label_integrity\protocol_gate_v2\audit\audit_input_audit.json	15181	5c8efc086de6820a6274286e4b1b9b826a7b0a5d05480150da98ca951fbefba9
outputs\audit_label_integrity\protocol_gate_v2\audit_input_manifest.jsonl	2150469	f01fc02a34a1a61b368199e89c2e34c846a8953c1916bace4d7d283611695a52
outputs\audit_label_integrity\protocol_gate_v2\dataset_label_audit.csv	301	25740caa932437083e3f9fb5b8112debd82a0c8621ddbb7bfa6626421da17382
outputs\audit_label_integrity\protocol_gate_v2\dataset_manifest.json	1145	465fc99ef32a89cfc70eca93be3efb19130f217d2fc67f07e713e02b22efaa9e
outputs\audit_label_integrity\protocol_gate_v2\duplicate_audit_global.json	299	bf3256708b652974e9906f67db7e573aeac9c05f83d9000158cc251698ed0f9d
outputs\audit_label_integrity\protocol_gate_v2\environment.lock	131	3ff9ec52288be800e6a5470c304e8c567f1cb56f5e81fcbc166ae2b3c7295b19
outputs\audit_label_integrity\protocol_gate_v2\git_commit.txt	42	e59023c5ede561546bc577e9d5a97276e3f08b4fa2820c697fea1e898a52f68e
outputs\audit_label_integrity\protocol_gate_v2\git_status_porcelain.txt	0	e3b0c44298fc1c149afbf4c8996fb92427ae41e4649b934ca495991b7852b855
outputs\audit_label_integrity\protocol_gate_v2\README.md	1295	c5d83970c78fac757c37f57c1e9b7c3a258decbcf211cfa22e1814b3ded4240d
outputs\exp1_input_ablation\protocol_gate_v2\audit\context_critical_manifest.json	369	ca7ffe0361989c1861231af5b443755615babfd16bc6e3f69bc83eb6e0a53ee4
outputs\exp1_input_ablation\protocol_gate_v2\audit\cross_split_duplicate_audit.json	183	2364b3031f498a3db22409a8393c5bf7c91085d377aff169b9b566b4b20cca2b
outputs\exp1_input_ablation\protocol_gate_v2\audit\mcnemar_y_only_vs_qy.json	188	ca2b55527943c4741dd8f263f3d065282f2623e7fe43cb6a6bc10e716b70dd4e
outputs\exp1_input_ablation\protocol_gate_v2\audit\qwen_teacher_probe_summary.json	437	c0642d29d9f2b3ff0cbc165fd040b93de42cfc0ecfe66eccc866fdc9b7cf5cda
outputs\exp1_input_ablation\protocol_gate_v2\audit\qy_adds_fp_vs_yonly.jsonl	2877	e9e533c511b28172f892d48ccb3cce3d09af9076ca1b93b26822dc73b673517f
outputs\exp1_input_ablation\protocol_gate_v2\audit\qy_fixes_yonly_fn.jsonl	2019	0b27495e8faec6aa74d292fcc041be0c0f48a318d221a63111d833124fcd4691
outputs\exp1_input_ablation\protocol_gate_v2\audit\split_audit.json	383	4e3e5b30561e0218ba845ba99295bef2d60e60e5d567f34bd4d09b3ac43996b5
outputs\exp1_input_ablation\protocol_gate_v2\config_resolved.yaml	407	9041de4b156862ef1aa000ec788aa55636cfd69c1474110d6e85aecd71254880
outputs\exp1_input_ablation\protocol_gate_v2\confusion_matrix.json	248	d4788e5d00af5e43640149a65d2fc77481f19af97170ae6ee662314e90c02c41
outputs\exp1_input_ablation\protocol_gate_v2\environment.lock	131	560a0e629752991cb656a636f1f2337b5e214be2618a73add3f8f0000c39d854
outputs\exp1_input_ablation\protocol_gate_v2\exp1_final_report.md	3323	cb938f02a6b3767f1c167f16603d4ea8c057b42fe1967c544a4951941b1f6183
outputs\exp1_input_ablation\protocol_gate_v2\git_commit.txt	42	e59023c5ede561546bc577e9d5a97276e3f08b4fa2820c697fea1e898a52f68e
outputs\exp1_input_ablation\protocol_gate_v2\git_status_porcelain.txt	0	e3b0c44298fc1c149afbf4c8996fb92427ae41e4649b934ca495991b7852b855
outputs\exp1_input_ablation\protocol_gate_v2\metrics.json	3024	4b4f5c316161da2c301e67afe7ba196b130f766213f244140e822a510b20e5ad
outputs\exp1_input_ablation\protocol_gate_v2\metrics_with_ci.json	3627	4b8917fb286c6e034f2cbd1f52b5189c053188820c821388e8835270a3cb76c5
outputs\exp1_input_ablation\protocol_gate_v2\model_registry.yaml	236	3ed1a49cc2b4eb6a15ee6554db0e9042e4b3323096e3d6b441acb58a77e0debd
outputs\exp1_input_ablation\protocol_gate_v2\models\q_only.joblib	1393616	0f1e645561ed0cad73e78ef09a542be983b7dd535133b9130cbcb3b94b0ebd29
outputs\exp1_input_ablation\protocol_gate_v2\models\qyy.joblib	2653152	513e23b8fb8134d24d829636959245bbcd67dc96b84b6516f8bc158e78bbdb5b
outputs\exp1_input_ablation\protocol_gate_v2\models\y_only.joblib	1538976	1e891eef91c50f21a232575d358dc4608d560c5472b7890ca18db35f9da2dac6
outputs\exp1_input_ablation\protocol_gate_v2\predictions.jsonl	1054326	394c6b34722b446ddd08a4dc8d8381ed63128161b8a6637fb62cfc8c136c6396
outputs\exp1_input_ablation\protocol_gate_v2\raw_outputs\context_critical_predictions.jsonl	118440	88d2f4d05ab7b424c280108e9d2f3ee01197bdab08dd4eb2c394c4ed59ad4d01
outputs\exp1_input_ablation\protocol_gate_v2\raw_outputs\qwen_teacher_probe.jsonl	75146	8761fb3bdee30ed1070867117f8a79877cccff5a4d029bac2b2ce72e91565089
outputs\exp1_input_ablation\protocol_gate_v2\split_manifest.jsonl	1716339	5deaf11b7fb678c649ed2807e3088c72c3d419117e4ca0eb77e61cdaad00b389
outputs\exp1_input_ablation\protocol_gate_v2\tables\context_critical_table.csv	215	e827aa2dbd198b91f203f88f7978a5d26ff2942df769a49f901148af54556522
outputs\exp1_input_ablation\protocol_gate_v2\tables\context_pair_consistency.csv	72	e3cd13be7978248f4ca8bdc3ea1b5a757908ed4141c7b0cedfcea75ac3a2ac23
outputs\exp1_input_ablation\protocol_gate_v2\tables\main_table.csv	229	73f3d041e1ba766ef8bc1e2653c4e73a023267c2dc4b20ec72a799594ed0c013
outputs\exp1_input_ablation\protocol_gate_v2\tables\operating_points.csv	870	e59a25ebf673b80fdc0d9830c550d4c6d82fb39a9cbd023c5b511652c7387f8c
outputs\exp2_prior_work_comparison\protocol_gate_v2\aegis2_0\audit\split_audit.json	382	319f68af711f3151cb47b04d75c1c24b98f457d9feb9da502a237fc89ebba430
outputs\exp2_prior_work_comparison\protocol_gate_v2\aegis2_0\baseline_predictions.jsonl	139512	d7f27508cc28ae41b9bc0194f567d97370e776fefb1eb939018b5feedd30f3b0
outputs\exp2_prior_work_comparison\protocol_gate_v2\aegis2_0\coverage_report.json	147	0f9b1d82a1106ff1346bcc4c5630bb51cdd1adb0a23c707ca894f8dbd43d21c6
outputs\exp2_prior_work_comparison\protocol_gate_v2\aegis2_0\frauddistill_predictions.jsonl	149946	3518f152d2a6961793fd46d41465342c3a5ca14edfbb3b73672c13912bf881a8
outputs\exp2_prior_work_comparison\protocol_gate_v2\aegis2_0\label_mapping.yaml	59	a5ece6be68267016eb36a15f3e55148a3fa5ea03c1b1b9ca20dfefe67c4550e3
outputs\exp2_prior_work_comparison\protocol_gate_v2\aegis2_0\metrics_with_ci.json	1185	4734135cef01ac56686343f940b06c18befa66a73dc9f0de414b0eb312c18243
outputs\exp2_prior_work_comparison\protocol_gate_v2\aegis2_0\official_repo_commit.txt	36	256fbd6d7bfdd8d79136f02d58d40ef79571670738b8899e53a2498e83934e72
outputs\exp2_prior_work_comparison\protocol_gate_v2\aegis2_0\reproduction_notes.md	119	0b56efbfb610717adaeeb5f08c50277d238a38410c3903e8225f91eaf562669b
outputs\exp2_prior_work_comparison\protocol_gate_v2\aegis2_0\split_manifest.jsonl	653820	ca011de9b2f479153a25a34d96c80bde56fba5acd8e7c30fd4052ad034f9fc68
outputs\exp2_prior_work_comparison\protocol_gate_v2\audit\qwen_teacher_probe_summary.json	438	eb73fe2f171a64ce082f7aa1a294b2afd2f6878c31fe3d973027ac92f9157156
outputs\exp2_prior_work_comparison\protocol_gate_v2\config_resolved.yaml	233	40f648ea874a8bd7d3158b18ccce8b2a9b756789d72b6cc317a83c7e5600c31d
outputs\exp2_prior_work_comparison\protocol_gate_v2\do_not_answer\audit\split_audit.json	381	e708346060537ac0713e28e059ce24a5969a386606fd0b170fb3ba89d34ee451
outputs\exp2_prior_work_comparison\protocol_gate_v2\do_not_answer\baseline_predictions.jsonl	110918	6cff842afdc01e24149dff8ce90b1c8290532cabe89660d4c62274ac91e35a5e
outputs\exp2_prior_work_comparison\protocol_gate_v2\do_not_answer\coverage_report.json	146	019b1fc95e6b7982383f4045daefb15483350e5fd173ba3660a18f2ef59a2d5b
outputs\exp2_prior_work_comparison\protocol_gate_v2\do_not_answer\frauddistill_predictions.jsonl	119500	640c1b6ba8c085d7899aff304521dc9e3fcb2cc917f624edd6e3d12a5af8d3d0
outputs\exp2_prior_work_comparison\protocol_gate_v2\do_not_answer\label_mapping.yaml	59	a5ece6be68267016eb36a15f3e55148a3fa5ea03c1b1b9ca20dfefe67c4550e3
outputs\exp2_prior_work_comparison\protocol_gate_v2\do_not_answer\metrics_with_ci.json	1104	6ac8da810a9c19c90df35b5fe418bab499dbd083a6e51bec8771456645ce6b88
outputs\exp2_prior_work_comparison\protocol_gate_v2\do_not_answer\official_repo_commit.txt	36	256fbd6d7bfdd8d79136f02d58d40ef79571670738b8899e53a2498e83934e72
outputs\exp2_prior_work_comparison\protocol_gate_v2\do_not_answer\reproduction_notes.md	119	0b56efbfb610717adaeeb5f08c50277d238a38410c3903e8225f91eaf562669b
outputs\exp2_prior_work_comparison\protocol_gate_v2\do_not_answer\split_manifest.jsonl	510988	c1ec6af668e124258868d80030fd364cad2fdb38296633fe305a9169f82b8f62
outputs\exp2_prior_work_comparison\protocol_gate_v2\environment.lock	131	f66a38ce95304e08eb41aa5bdb76f5287bfec5e9a52bd5125e1b65c9a15a6a0a
outputs\exp2_prior_work_comparison\protocol_gate_v2\exp2_final_report.md	2067	ec6ae83c9eb018606aeecbab96c3ace8ec6d984444a49ae7c3ae9175770e5327
outputs\exp2_prior_work_comparison\protocol_gate_v2\fraud_r1\audit\split_audit.json	381	e4d0877827b52bbdb4c95452e65b6a1ca2d5ebb148f4beab2e374a382cba4371
outputs\exp2_prior_work_comparison\protocol_gate_v2\fraud_r1\baseline_predictions.jsonl	133669	fca3f971e774301ac3c13b7cdc9024e5da90a2eeb9b6627002177b78003c6f74
outputs\exp2_prior_work_comparison\protocol_gate_v2\fraud_r1\coverage_report.json	146	d7088b47c89c05119da7fa9eea748730eef9237b39b66a013dd56ffc976ede7e
outputs\exp2_prior_work_comparison\protocol_gate_v2\fraud_r1\frauddistill_predictions.jsonl	137764	00d395d4a862a78574bc509aa5407e672f6d4981ca75d6f0b450ea41d7f460ab
outputs\exp2_prior_work_comparison\protocol_gate_v2\fraud_r1\label_mapping.yaml	60	5ff6a080277a35cc6eadf87cc14696596ff336753cfc9c255497f268376c0625
outputs\exp2_prior_work_comparison\protocol_gate_v2\fraud_r1\metrics_with_ci.json	1168	0199671d07981541440f798fd587826f06755c646a1682f548655a19e13b74e7
outputs\exp2_prior_work_comparison\protocol_gate_v2\fraud_r1\official_repo_commit.txt	36	256fbd6d7bfdd8d79136f02d58d40ef79571670738b8899e53a2498e83934e72
outputs\exp2_prior_work_comparison\protocol_gate_v2\fraud_r1\reproduction_notes.md	119	0b56efbfb610717adaeeb5f08c50277d238a38410c3903e8225f91eaf562669b
outputs\exp2_prior_work_comparison\protocol_gate_v2\fraud_r1\split_manifest.jsonl	552095	10a55036f0063389ab548968cd44878f5ff55612369904efc449bc8c180af954
outputs\exp2_prior_work_comparison\protocol_gate_v2\git_commit.txt	42	e59023c5ede561546bc577e9d5a97276e3f08b4fa2820c697fea1e898a52f68e
outputs\exp2_prior_work_comparison\protocol_gate_v2\git_status_porcelain.txt	0	e3b0c44298fc1c149afbf4c8996fb92427ae41e4649b934ca495991b7852b855
outputs\exp2_prior_work_comparison\protocol_gate_v2\metrics.json	2263	f01e2dfeed03301546cc3eb4e36bada44c7a938c5f63e2c2d269554fd0f37e7b
outputs\exp2_prior_work_comparison\protocol_gate_v2\model_registry.yaml	236	3ed1a49cc2b4eb6a15ee6554db0e9042e4b3323096e3d6b441acb58a77e0debd
outputs\exp2_prior_work_comparison\protocol_gate_v2\or_bench_hard_safe\audit\split_audit.json	379	dc5484a5c880d0d353243037686d6154ee1bb9eb9fdb8bca33ff9ef15d8f86ca
outputs\exp2_prior_work_comparison\protocol_gate_v2\or_bench_hard_safe\coverage_report.json	124	5ffe440e52d22ca4bb835994bacea37f2a72711abddc534904a138cacc27b4b4
outputs\exp2_prior_work_comparison\protocol_gate_v2\or_bench_hard_safe\frauddistill_predictions.jsonl	21975	abd0df4136c92ece9702d8836b6c732aca00141f718bbda5ccf32e315a0982b9
outputs\exp2_prior_work_comparison\protocol_gate_v2\or_bench_hard_safe\label_mapping.yaml	60	5ff6a080277a35cc6eadf87cc14696596ff336753cfc9c255497f268376c0625
outputs\exp2_prior_work_comparison\protocol_gate_v2\or_bench_hard_safe\split_manifest.jsonl	103620	2c309f383f78e675ad66c6633bfa1a059baf8299c40b30bcee642b8f65a55212
outputs\exp2_prior_work_comparison\protocol_gate_v2\raw_outputs\qwen_teacher_probe.jsonl	70566	6a488ec0bae46482a05117443be5f1b2556db42d47c3af2f9bcfba696e848df5
outputs\exp2_prior_work_comparison\protocol_gate_v2\tables\main_table.csv	899	657234a9d4f67da807c7d0317d700d860d03e3f104b6249f8d256ff2d22d4f09
outputs\exp3_agent_distillation_ablation\protocol_gate_v2\audit\component_stress_manifest.json	623	bbb9c758ebb8d9ba23f50722080c52e500e8805088613dcae356072110702ee4
outputs\exp3_agent_distillation_ablation\protocol_gate_v2\audit\qwen_teacher_probe_summary.json	437	dcd56f5edfd8f0119ce80340c099b9d9cbe4fab536e166b8a9a5bf568217d883
outputs\exp3_agent_distillation_ablation\protocol_gate_v2\audit\split_audit.json	383	3ddf1c6f16a76417724f55861601fe75f6d39456d130fcb9887c0d3678057190
outputs\exp3_agent_distillation_ablation\protocol_gate_v2\audit\teacher_alignment.json	406	e816a87b5fcacd90876e8e6511c5648f2d98e47995d2a556fe44dd291c2992be
outputs\exp3_agent_distillation_ablation\protocol_gate_v2\config_resolved.yaml	354	8176af2fc1c613162ca44dd3b32363e178897924e68696a83ce520be40a16de1
outputs\exp3_agent_distillation_ablation\protocol_gate_v2\environment.lock	131	eaa860be4c59ee5c2623bf45b65d02c7ba648239dd996336203badbbc9785e93
outputs\exp3_agent_distillation_ablation\protocol_gate_v2\exp3_final_report.md	6652	fff15b80e869b37c6ddf0f86fe12875d9543232b89bc5b15e91837e47df875f1
outputs\exp3_agent_distillation_ablation\protocol_gate_v2\git_commit.txt	42	e59023c5ede561546bc577e9d5a97276e3f08b4fa2820c697fea1e898a52f68e
outputs\exp3_agent_distillation_ablation\protocol_gate_v2\git_status_porcelain.txt	0	e3b0c44298fc1c149afbf4c8996fb92427ae41e4649b934ca495991b7852b855
outputs\exp3_agent_distillation_ablation\protocol_gate_v2\metrics.json	11294	15abf3340d22eb9dcab3d8a34fe89b1a7c6c462f3d796e51716c47f4e879a648
outputs\exp3_agent_distillation_ablation\protocol_gate_v2\model_registry.yaml	236	3ed1a49cc2b4eb6a15ee6554db0e9042e4b3323096e3d6b441acb58a77e0debd
outputs\exp3_agent_distillation_ablation\protocol_gate_v2\models\full_sample_reweighting_proxy.joblib	3026327	9782f95ee146b3a69eb467d3f270279cfad33016284f7c91007050adcc269b58
outputs\exp3_agent_distillation_ablation\protocol_gate_v2\models\gold___score_type_rank_reweight.joblib	3026327	7c9c31e3a0342deeb4e192c95fb05a853d0e9ff24b202d4f69a5b7eefcb2c758
outputs\exp3_agent_distillation_ablation\protocol_gate_v2\models\gold___score_type_reweight.joblib	3026327	41a9dbd2aabe7c7f20fdce46e571788bc47049260bde11675f6bc8d496ce5e9e
outputs\exp3_agent_distillation_ablation\protocol_gate_v2\models\gold___soft_score_reweight.joblib	3026327	707118fc17feb599f00edc5fb848e15c8e9ba59274afe48ed249901f0521f7a2
outputs\exp3_agent_distillation_ablation\protocol_gate_v2\models\gold___teacher_confidence_reweight.joblib	3026336	2735943416d991daa0f80a60183ed0cda54a667279c0d243fa4107e97a5a81ec
outputs\exp3_agent_distillation_ablation\protocol_gate_v2\models\student_gold.joblib	3026327	426849a134f62ff61aa2e1700161c9291c9924bb11e992a3178325e2458df045
outputs\exp3_agent_distillation_ablation\protocol_gate_v2\predictions.jsonl	2404098	211842639da1ede7cf326674681b4d85dd27f2771c90edfca50c4522623028c1
outputs\exp3_agent_distillation_ablation\protocol_gate_v2\raw_outputs\qwen_teacher_probe.jsonl	81103	daf275b66b2aeb3bd76fac741445a3c829de428c670966aff4516f0ab734c102
outputs\exp3_agent_distillation_ablation\protocol_gate_v2\split_manifest.jsonl	1820469	08a30d4c74b5917b87f51611d0f933723e99985d707088b5786f092ce8f58200
outputs\exp3_agent_distillation_ablation\protocol_gate_v2\tables\agent_ablation.csv	527	b97955c41edf8ce6116288f06df683658b5903249ec634934b2dc7b19d8d3ed5
outputs\exp3_agent_distillation_ablation\protocol_gate_v2\tables\agent_leave_one_out.csv	382	95dd958a40aaad8e6df31fe9092e3849688e2089fcd11d1915e61223f2889588
outputs\exp3_agent_distillation_ablation\protocol_gate_v2\tables\component_pressure_metrics.csv	595	19cc8b1e8d7fd5e9e2a9de124d8d9fc46604ff34abe945224912bcc14d374bb9
outputs\exp3_agent_distillation_ablation\protocol_gate_v2\tables\stress_agent_ablation.csv	562	6854958d5d9312f461d682cdb229b3eb35e2c0d588d388bb2329c9caa0d6fb89
outputs\exp3_agent_distillation_ablation\protocol_gate_v2\tables\stress_agent_leave_one_out.csv	403	49293c7c1f6caab42fa1f438921d877059880969057717c3ce2cb5b373755185
outputs\exp3_agent_distillation_ablation\protocol_gate_v2\tables\stress_component_pressure_metrics.csv	577	99dc070d50aa4e4ed7a407443ed6a138fd8e9424efdc6a106c06c148c7c3c4b8
outputs\exp3_agent_distillation_ablation\protocol_gate_v2\tables\stress_student_ablation.csv	400	97888cc661d5977c9673f74be264e4e89487822fad64a14d2594dac4ab8a7c1c
outputs\exp3_agent_distillation_ablation\protocol_gate_v2\tables\student_ablation.csv	589	90ec2f36af500c8a2a229407d5c79918642ef994234f74b3a6237106ebf40217
outputs\exp4_unseen\protocol_gate_v2\audit\natural_eval_only_audit.json	15181	cefe360dfbb634a9d88ec9b2544998a102a99f207586284c3fa2f07efbe1bc9d
outputs\exp4_unseen\protocol_gate_v2\audit\qwen_teacher_probe_summary.json	438	eb73fe2f171a64ce082f7aa1a294b2afd2f6878c31fe3d973027ac92f9157156
outputs\exp4_unseen\protocol_gate_v2\config_resolved.yaml	380	dac387a8ba82969d8d742830d1c0176b8f994620258e7969000538c172e68532
outputs\exp4_unseen\protocol_gate_v2\environment.lock	131	7054396dea0b24a7355b70b76bb5ae7d83def93d9f1c33881908522d5e0a0fe5
outputs\exp4_unseen\protocol_gate_v2\exp4_final_report.md	3170	243d174632d5e65c54584a2bd9ae5eb4476745e728cf521e03d2a5391f128840
outputs\exp4_unseen\protocol_gate_v2\git_commit.txt	42	e59023c5ede561546bc577e9d5a97276e3f08b4fa2820c697fea1e898a52f68e
outputs\exp4_unseen\protocol_gate_v2\git_status_porcelain.txt	0	e3b0c44298fc1c149afbf4c8996fb92427ae41e4649b934ca495991b7852b855
outputs\exp4_unseen\protocol_gate_v2\model_registry.yaml	236	3ed1a49cc2b4eb6a15ee6554db0e9042e4b3323096e3d6b441acb58a77e0debd
outputs\exp4_unseen\protocol_gate_v2\natural_eval_only_manifest.jsonl	2180469	4d018f6d499679d592a381c04f538c8170e0c71dcb940977bc8024532a3d63ab
outputs\exp4_unseen\protocol_gate_v2\near_duplicate_audit.json	88	add3455ff361560824628dad2c862ab3ba7e2cac7a7347ccc494662d62a03a73
outputs\exp4_unseen\protocol_gate_v2\predictions.jsonl	716538	82d1d63aa429f034a672eb5fa4f164b5062d7598a8892e5e73e164fb7c166611
outputs\exp4_unseen\protocol_gate_v2\raw_outputs\qwen_teacher_probe.jsonl	70816	a9e2bc522a5a0183cb6d237e78c218b16f57d04b782ea8f38cd07c1aca65ba96
outputs\exp4_unseen\protocol_gate_v2\tables\language_holdout.csv	225	79891f8a1631e39f5a7e20d53e87b3bcd7f82d4343d41feb88c324c6b63eedcc
outputs\exp4_unseen\protocol_gate_v2\tables\main_table.csv	404	b2ac0deb568731a163f2f9ae5697e5c4f0875438d7f7a850f865c52d5cbde456
outputs\exp4_unseen\protocol_gate_v2\tables\procedural_loco5.csv	482	bbad60605a2fc60250e3b0eeae0c10db0a5eae1a8272f0f0fb45b8a7d9898086
outputs\exp4_unseen\protocol_gate_v2\tables\source_holdout.csv	319	8bf77d7cb75b2d5354403535da4b7ef3dac05e1678289ddde6dc26f5f08f68cd
outputs\exp4_unseen\protocol_gate_v2\worst_group_metrics.json	245	01839e409db391792bd14ebad135a49e858a0c6adc336c2ab3443434b39e1c85
outputs\exp5_calibration\protocol_gate_v2\audit\qwen_teacher_probe_summary.json	437	a69815166f31ecce11d622991bcf6a1f40cf570c4ec00d9edd2d75c8fb6adce5
outputs\exp5_calibration\protocol_gate_v2\audit\split_audit.json	413	170a2fc96a1546bec23163e31e5024a6b6cf6de0ae52e9d4b920a47e2f9dba94
outputs\exp5_calibration\protocol_gate_v2\config_resolved.yaml	332	5f4a9b0400a83a6df978396243635be857fbfd67fda67e304d6b008c49c1cc6c
outputs\exp5_calibration\protocol_gate_v2\environment.lock	131	29d986ce391b6cb54a867e457fa4587f2a53d24113d6540b0bdb09d4efb2eeaa
outputs\exp5_calibration\protocol_gate_v2\exp5_final_report.md	2655	c598c8d2acecb851ad357c4a69c290e5c550c61aa364a09810f354e8dbc12165
outputs\exp5_calibration\protocol_gate_v2\git_commit.txt	42	e59023c5ede561546bc577e9d5a97276e3f08b4fa2820c697fea1e898a52f68e
outputs\exp5_calibration\protocol_gate_v2\git_status_porcelain.txt	0	e3b0c44298fc1c149afbf4c8996fb92427ae41e4649b934ca495991b7852b855
outputs\exp5_calibration\protocol_gate_v2\model_registry.yaml	236	3ed1a49cc2b4eb6a15ee6554db0e9042e4b3323096e3d6b441acb58a77e0debd
outputs\exp5_calibration\protocol_gate_v2\models\calibrator_platt.joblib	831	e4bb8b537de302dab957c2c34d373963061d75c37d06b5cc1ad60c7ffa397edc
outputs\exp5_calibration\protocol_gate_v2\models\student_raw.joblib	2661959	0b26d57540b37d2206b9a5ca6bc6867f74ad37483ed990a8abb746393210b963
outputs\exp5_calibration\protocol_gate_v2\predictions.jsonl	1649016	dcfcdf2276c94e7d195ba8a0ee7d31f4d34616dd70546e75ac96f743f8cf93f6
outputs\exp5_calibration\protocol_gate_v2\raw_outputs\qwen_teacher_probe.jsonl	73494	398619dd43c9378a89fe5bc639e45a60a11784812c85713f5a5a65621add1f2b
outputs\exp5_calibration\protocol_gate_v2\reliability_diagram_data.csv	528	e9690c6b745026596eb6f91605e90de77dce6a95fc9e2673467d1e9ee9e3042e
outputs\exp5_calibration\protocol_gate_v2\split_manifest.jsonl	1831230	4322b0f78bd363406b99e8f8b010015b680f9447b117d5a476053ce086549a64
outputs\exp5_calibration\protocol_gate_v2\tables\calibration_table.csv	603	14e3c049f8591bca1a01e11a125cfb50628a2c43b912b992b8ad98295dae860b
outputs\exp5_calibration\protocol_gate_v2\tables\cascade_operating_points.csv	575	2dceca1504244c9ce1c3d1cfffa59b0d67b2d4a4631a8ff76aa77d81ec76d831
outputs\exp5_calibration\protocol_gate_v2\threshold_selection_trace.csv	171905	43dc044a0be86cf8785f44568e53e375cb73e3bd67f6a5da7ef8834236cde2fe
outputs\exp6_multi_api\protocol_gate_v2\audit\generation_pairs_audit.json	779	012a49f3ff9c7797a03aa1083178750fb9a1b92c80bc213411f17d428e6fb41e
outputs\exp6_multi_api\protocol_gate_v2\audit\guard_consensus_audit.json	470	87effe6513f25916d9ad4b2077d6a919f9d392e79fb7bbc03a0cc5f06c4530b3
outputs\exp6_multi_api\protocol_gate_v2\config_resolved.yaml	724	7f0603b0ee6d47ca874c0da919177ff8c3bac81e85a3c34e98b510df67fb17f5
outputs\exp6_multi_api\protocol_gate_v2\environment.lock	131	900da5ee98ccb887f143cdafdb7927502928e7e35e4138b7fabdeaecc5a18056
outputs\exp6_multi_api\protocol_gate_v2\exp6_final_report.md	3118	19dbd27d1b0f7a29e6f1f3dbe4813929d7f0e9ace7a05317563dd83b17d9dc7f
outputs\exp6_multi_api\protocol_gate_v2\failures.jsonl	12977	f9436d8580cdeb16783b7a0898b3af22d2af90afd42a79368555fe7e19f64466
outputs\exp6_multi_api\protocol_gate_v2\generation_pairs_manifest.jsonl	831489	d7df2a31470016643edc3a52d44df8831af33fd8b28a16e75c254c62cd16edc2
outputs\exp6_multi_api\protocol_gate_v2\git_commit.txt	42	a955162d3df17a10378e014b53c34d64390753bc89bf482fc895b8cbf3593387
outputs\exp6_multi_api\protocol_gate_v2\git_status_porcelain.txt	0	e3b0c44298fc1c149afbf4c8996fb92427ae41e4649b934ca495991b7852b855
outputs\exp6_multi_api\protocol_gate_v2\metrics.json	5130	adf6a4f7795283f7d93326bcec1f7e27e6e20386c95265b6939176e1ef9b8947
outputs\exp6_multi_api\protocol_gate_v2\model_registry.yaml	236	8df3cae2a17abf15b94b2d26ccfa2eb3b69fb9f47533082d9dc5ff8b72c5a731
outputs\exp6_multi_api\protocol_gate_v2\predictions.jsonl	7074566	ef8ba86b6a59053cfb11dcd6fb0e63465ef2b78b44bf206c481fed9e5607354c
outputs\exp6_multi_api\protocol_gate_v2\raw_outputs\proxy_guard_votes.jsonl	1308829	fc09e9f893a781564ab4942dcd350b473e6034eb51af3f46ed0ba055cd18411f
outputs\exp6_multi_api\protocol_gate_v2\tables\behavior_metrics_by_model.csv	302	20a564f91ade3c5095fc14f7f736308ef7dc5f623777dcfebb22829f79bc7d17
outputs\exp6_multi_api\protocol_gate_v2\tables\go_nogo_checklist.csv	253	a0a0cf11a7e17c3d6b37e93c3f84d877ca98b9b4e98398aea37e131e4ca27e3e
outputs\exp6_multi_api\protocol_gate_v2\tables\leave_one_model_out.csv	366	71e2ce91c074319a76a9693ee14ee02f70d15964e6166970f10bb1b6078b395a
outputs\exp6_multi_api\protocol_gate_v2\tables\model_coverage.csv	197	ce8d074e82c569fb8e3bafc66f78bcf18f8818cb40c8d4f5436975a4e9b91548
outputs\exp6_multi_api\protocol_gate_v2\tables\student_vs_pair_silver.csv	482	5c68097627ddf5f1798d5f2ce3009418d52ebba3a3d2fe52943a554ff4eb392d
